label,criterion,max_depth,min_samples_leaf,min_samples_split,n_estimators,test_score,mean_train_score,mean_validation_score
HNSC,entropy,20,1,40,50,0.7858293075684379,0.9115988081968643,0.8311825697071598
STAD,entropy,30,1,10,100,0.780852994555354,0.9815244117689069,0.7930802530802531
COAD,gini,20,1,10,200,0.8956442831215972,0.9650395841018744,0.8927405927405927
ESCA,gini,10,1,10,1,0.5964052287581699,0.7347151023680379,0.6691695146958304
READ,entropy,10,1,20,1,0.7,0.6765047203411471,0.6096790235081375
