label,criterion,max_depth,max_features,min_samples_leaf,min_samples_split,n_estimators,test_score,mean_train_score,mean_validation_score
HNSC,gini,21,61,1,42,51,0.8140096618357487,0.9432654973230541,0.817882630423614
STAD,gini,11,101,1,2,101,0.7372958257713249,0.9780807270783214,0.8246120546120548
COAD,gini,11,61,1,42,101,0.8956442831215972,0.953363617482942,0.9133266733266734
ESCA,entropy,11,81,1,22,1,0.6446078431372549,0.8013936095683135,0.6898974709501025
READ,gini,11,61,1,2,1,0.5,0.8270556092091293,0.5682866184448463
