label,criterion,max_depth,max_features,min_samples_leaf,min_samples_split,n_estimators,test_score,mean_train_score,mean_validation_score
HNSC,gini,21,61,1,42,51,0.7922705314009661,0.9399107192703534,0.8222000373639717
STAD,gini,11,101,1,2,101,0.7722323049001816,0.9907778668805133,0.8185747585747587
COAD,gini,11,61,1,42,101,0.8956442831215972,0.953363617482942,0.9133266733266734
ESCA,entropy,11,81,1,22,1,0.5261437908496732,0.7864337303278275,0.6456288448393712
READ,gini,11,61,1,2,1,0.5,0.8270556092091293,0.5682866184448463
