label,criterion,max_depth,max_features,min_samples_leaf,min_samples_split,n_estimators,test_score,mean_train_score,mean_validation_score
HNSC,gini,21,61,1,42,51,0.8140096618357487,0.9072602993643588,0.8065601793470645
STAD,gini,11,101,1,2,101,0.7722323049001816,0.9884790163058007,0.8292041292041293
COAD,gini,11,61,1,42,101,0.8956442831215972,0.9563570910562635,0.8957942057942058
ESCA,entropy,11,81,1,22,1,0.5261437908496732,0.7588101850084451,0.6226418318523581
READ,gini,11,61,1,2,1,0.4928571428571429,0.8268375794323559,0.580881555153707
