label,criterion,max_depth,max_features,min_samples_leaf,min_samples_split,n_estimators,test_score,mean_train_score,mean_validation_score
HNSC,gini,21,61,1,42,51,0.8140096618357487,0.9409856338806215,0.8185259913128766
STAD,gini,11,101,1,2,101,0.7722323049001816,0.9953755680299384,0.8092207792207793
COAD,gini,11,61,1,42,101,0.9219600725952812,0.9522587192498845,0.9100799200799201
ESCA,entropy,11,81,1,22,1,0.5522875816993464,0.7813130559358811,0.6071257689678742
READ,gini,11,61,1,2,1,0.4928571428571429,0.8534036632484113,0.6026039783001809
