label,criterion,max_depth,max_features,min_samples_leaf,min_samples_split,n_estimators,test_score,mean_train_score,mean_validation_score
HNSC,gini,21,61,1,42,51,0.8140096618357487,0.9395981771301001,0.8127555929195273
STAD,gini,11,101,1,2,101,0.7636116152450091,0.9769179363806468,0.8246120546120548
COAD,gini,11,61,1,42,101,0.8956442831215972,0.9541613001923895,0.9196037296037296
ESCA,entropy,11,81,1,22,1,0.6446078431372549,0.8013936095683135,0.6898974709501025
READ,gini,11,61,1,2,1,0.4857142857142857,0.8490356820798557,0.6138381555153707
