label,criterion,max_depth,max_features,min_samples_leaf,min_samples_split,n_estimators,test_score,mean_train_score,mean_validation_score
HNSC,gini,21,61,1,42,51,0.8047504025764896,0.9348363099535199,0.83845593386577
STAD,gini,11,101,1,2,101,0.7459165154264973,0.980379577653034,0.8293972693972694
COAD,gini,11,61,1,42,101,0.8956442831215972,0.9532422533479344,0.9146253746253746
ESCA,entropy,11,81,1,22,1,0.6854575163398693,0.8032271133172857,0.6687457279562542
READ,gini,11,61,1,2,1,0.5,0.8357957635650208,0.6456080470162748
