label,criterion,max_depth,max_features,min_samples_leaf,min_samples_split,n_estimators,test_score,mean_train_score,mean_validation_score
HNSC,gini,21,61,1,42,51,0.823268921095008,0.9458994255220672,0.811541263836346
STAD,gini,11,101,1,2,101,0.7459165154264973,0.9942261427425823,0.8124442224442225
COAD,gini,11,61,1,42,101,0.9219600725952812,0.9522587192498845,0.9100799200799201
ESCA,entropy,11,81,1,22,1,0.6004901960784313,0.7597366872025251,0.5700786056049214
READ,gini,11,61,1,2,1,0.4928571428571429,0.8458981512237175,0.6026198010849908
